no,,flip,flip
not,,flip,flip
ultimately,RB,,maximize
purely,RB,positive,median
purer,JJR,positive,high
pure,JJ,positive,median
true,JJ,positive,median
genuine,JJ,positive,high
genuinely,RB,positive,high
really,RB,,increase
absolutely,RB,,maximize
completely,RB,,maximize
immensely,RB,,maximize
incredibly,RB,,maximize
hugely,RB,,maximize
incomparably,RB,,maximize
perfectly,RB,,maximize
prodigiously,RB,,maximize
profoundly,RB,,maximize
supremely,RB,,maximize
surpassingly,RB,,maximize
terrifically,RB,,maximize
tremendously,RB,,maximize
utterly,RB,,maximize
wholly,RB,,maximize
terribly,RB,,maximize
unmistakably,RB,,maximize
unbelievably,RB,,maximize
staggeringly,RB,,maximize
such,RB,,increase
rather,RB,,increase
very,RB,,increase
greatly,RB,,increase
extremely,RB,,increase
amazingly,RB,,increase
deliriously,RB,,increase
more,RB,,increase
quite,RB,,increase
far,RB,,increase
mostly,RB,,increase
definitely,RB,,increase
surprisingly,RB,,increase
entirely,RB,,increase
highly,RB,,increase
fully,RB,,increase
largely,RB,,increase
entertained,JJ,positive,median
thoroughly,RB,,increase
remarkably,RB,,increase
strongly,RB,,increase
notably,RB,,increase
altogether,RB,,increase
exceedingly,RB,,increase
totally,RB,,increase
strikingly,RB,positive,median
exceptionally,RB,,increase
specially,RB,positive,median
positively,RB,,increase
considerably,RB,,increase
vastly,RB,,increase
unusually,RB,,increase
peculiarly,,,increase
peculiarly,RB,negative,median
intensely,RB,,increase
extraordinarily,RB,,increase
excessively,RB,,increase
emphatically,RB,,increase
comprehensively,RB,,increase
significantly,RB,,increase
pretty,RB,,increase
pretty,JJ,positive,median
mightily,RB,,increase
inordinately,RB,,increase
astonishingly,RB,,increase
substantially,RB,,increase
reasonably,RB,,increase
moderately,RB,,decrease
enormously,RB,,increase
acutely,RB,,increase
somewhat,RB,,decrease
relatively,RB,,decrease
fairly,RB,,decrease
slightly,RB,,decrease
hardly,RB,,decrease
barely,RB,,decrease
mildly,RB,,decrease
partly,RB,,decrease
passably,RB,,decrease
scarcely,RB,,decrease
tolerably,RB,,decrease
partially,RB,,decrease
imperceptibly,RB,,decrease
accommodating,JJ,positive,median
adaptable,JJ,positive,median
brave,JJ,positive,median
braver,JJR,positive,high
careful,JJ,positive,median
cautious,JJ,positive,median
circumspect,JJ,positive,median
conscientious,JJ,positive,median
considerate,JJ,positive,median
constant,JJ,positive,median
courageous,JJ,positive,high
dauntless,JJ,positive,high
dependable,JJ,positive,median
devoted,JJ,positive,median
exact,JJ,positive,median
faithful,JJ,positive,median
fearless,JJ,positive,high
firm,JJ,positive,median
flexible,JJ,positive,median
flexible,RB,positive,median
gallant,JJ,positive,high
gutsy,JJ,positive,high
heroic,JJ,positive,high
honest,JJ,positive,median
honorable,JJ,positive,median
indefatigable,JJ,positive,median
loyal,JJ,positive,median
meticulous,JJ,positive,median
patient,JJ,positive,median
persevering,JJ,positive,median
plucky,JJ,positive,median
reliable,JJ,positive,median
reliable,RB,positive,median
resolute,JJ,positive,high
safe,JJ,positive,median
scrupulous,JJ,positive,median
scrupulous,RB,positive,median
stalwart,JJ,positive,median
staunch,JJ,positive,high
steadfast,JJ,positive,high
steady,JJ,positive,median
thorough,JJ,positive,median
tireless,JJ,positive,median
trustworthy,JJ,positive,median
trusty,JJ,positive,median
unafraid,JJ,positive,median
undaunted,JJ,positive,median
unfailing,JJ,positive,median
unflagging,JJ,positive,high
unswerving,JJ,positive,high
untiring,JJ,positive,median
unvarying,JJ,positive,median
unwavering,JJ,positive,high
upright,JJ,positive,median
valiant,JJ,positive,median
veracious,JJ,positive,median
vigilant,JJ,positive,median
wary,JJ,positive,median
watchful,JJ,positive,median
capricious,JJ,negative,median
cowardly,JJ,negative,high
despondent,JJ,negative,median
disloyal,JJ,negative,median
distracted,JJ,negative,low
erratic,JJ,negative,median
false,JJ,negative,median
fickle,JJ,negative,median
foolhardy,JJ,negative,high
gutless,JJ,negative,median
hasty,JJ,negative,median
headstrong,JJ,negative,median
impatient,JJ,negative,median
impetuous,JJ,negative,high
impulsive,JJ,negative,median
inconstant,JJ,negative,median
irresolute,JJ,negative,median
madcap,JJ,negative,median
obstinate,JJ,negative,median
rash,JJ,negative,median
reckless,JJ,negative,high
shaky,JJ,negative,median
soft,JJ,negative,median
spineless,JJ,negative,high
stubborn,JJ,negative,median
timid,JJ,negative,median
traitorous,JJ,negative,median
treacherous,JJ,negative,high
undependable,JJ,negative,median
unfaithful,JJ,negative,median
unloyal,JJ,negative,median
unpredictable,JJ,negative,median
unreliable,JJ,negative,median
unsure,JJ,negative,median
untrustworthy,JJ,negative,median
vacillating,JJ,negative,median
variable,JJ,negative,median
wayward,JJ,negative,median
weak,JJ,negative,median
wilful,JJ,negative,median
willful,JJ,negative,median
firmer,JJR,positive,high
safer,JJR,positive,high
truer,JJR,positive,high
softer,JJR,negative,high
weaker,JJR,negative,high
bravest,JJS,positive,max
safest,JJS,positive,max
truest,JJS,positive,max
weakest,JJS,negative,max
carefully,RB,positive,median
cautiously,RB,positive,median
constantly,RB,positive,median
courageously,RB,positive,high
devotedly,RB,positive,median
discreetly,RB,positive,median
faithfully,RB,positive,median
firmly,RB,positive,median
honestly,RB,positive,median
meticulously,RB,positive,median
patiently,RB,positive,median
reliably,RB,positive,median
resolutely,RB,positive,median
safely,RB,positive,median
stalwartly,RB,positive,median
staunchly,RB,positive,high
steadfastly,RB,positive,high
steadily,RB,positive,median
tirelessly,RB,positive,median
unfailingly,RB,positive,median
uprightly,RB,positive,median
valiantly,RB,positive,median
erratically,RB,negative,median
impatiently,RB,negative,median
recklessly,RB,negative,high
shakily,RB,negative,median
softly,RB,negative,median
spinelessly,RB,negative,high
stubbornly,RB,negative,median
weakly,RB,negative,median
auspicious,JJ,positive,median
celebrated,JJ,positive,median
charmed,JJ,positive,median
cool,JJ,positive,median
cooler,JJR,positive,high
customary,JJ,positive,median
distinguished,JJ,positive,median
eminent,JJ,positive,median
familiar,JJ,positive,median
famous,JJ,positive,high
famous,RB,positive,high
fashionable,JJ,positive,median
favored,JJ,positive,median
fortunate,JJ,positive,median
great,JJ,positive,median
illustrious,JJ,positive,high
intimate,JJ,positive,median
lucky,JJ,positive,median
natural,JJ,positive,median
normal,JJ,positive,median
notable,JJ,positive,median
noted,JJ,positive,median
popular,JJ,positive,median
predictably,RB,positive,median
predictable,JJ,positive,median
prominent,JJ,positive,high
propitious,JJ,positive,median
renowned,JJ,positive,median
stable,JJ,positive,median
typical,JJ,positive,median
unsung,JJ,positive,median
usual,JJ,positive,median
abnormal,JJ,negative,median
bizarre,JJ,negative,high
daggy,JJ,negative,median
dated,JJ,negative,median
eccentric,JJ,negative,median
freak,JJ,negative,median
freakish,JJ,negative,median
freaky,JJ,negative,median
hapless,JJ,negative,median
idiosyncratic,JJ,negative,median
irregular,JJ,negative,median
kooky,JJ,negative,high
luckless,JJ,negative,median
nameless,JJ,negative,median
obscure,JJ,negative,median
odd,JJ,negative,median
oddball,JJ,negative,median
outlandish,JJ,positive,high
peculiar,JJ,negative,median
queer,JJ,negative,high
retrograde,JJ,negative,median
strange,JJ,negative,median
stranger,JJR,negative,high
unidentified,JJ,negative,median
unilluminated,JJ,negative,median
unknown,JJ,negative,median
unlucky,JJ,negative,median
unrenowned,JJ,negative,median
unusual,JJ,negative,median
weird,JJ,negative,median
weirdo,NN,negative,median
whacko,NN,negative,high
whacky,JJ,negative,median
wretched,JJ,negative,median
greater,JJR,positive,high
coolest,JJS,positive,max
greatest,JJS,positive,max
farthest,JJS,negative,max
strangest,JJS,negative,max
coolly,RB,positive,median
eminently,RB,positive,median
fortunately,RB,positive,median
intimately,RB,positive,median
normally,RB,positive,median
popularly,RB,positive,median
prominently,RB,positive,high
renownedly,RB,positive,high
stably,RB,positive,median
typically,RB,positive,median
usually,RB,positive,median
abnormally,RB,negative,median
bizarrely,RB,negative,high
eccentrically,RB,negative,median
irregularly,RB,negative,median
obscurely,RB,negative,median
oddly,RB,negative,median
outrageously,RB,negative,high
outstandingly,RB,positive,high
outwardly,RB,negative,median
strangely,RB,negative,median
weirdly,RB,negative,median
able,JJ,positive,median
accomplished,JJ,positive,median
adept,JJ,positive,very high
adroit,JJ,positive,high
adult,JJ,positive,median
astute,JJ,positive,median
balanced,JJ,positive,median
capable,JJ,positive,median
clever,JJ,positive,median
competent,JJ,positive,low
droll,JJ,positive,median
educated,JJ,positive,median
experienced,JJ,positive,median
expert,JJ,positive,high
fit,JJ,positive,median
gifted,JJ,positive,median
hale,JJ,positive,median
healthy,JJ,positive,median
humorous,JJ,positive,median
insightful,JJ,positive,median
intelligent,JJ,positive,median
knowing,JJ,positive,median
learned,JJ,positive,median
literate,JJ,positive,median
masterly,JJ,positive,high
mature,JJ,positive,median
powerful,JJ,positive,median
productive,JJ,positive,median
proficient,JJ,positive,median
qualified,JJ,positive,low
robust,JJ,positive,median
sagacious,JJ,positive,high
sane,JJ,positive,median
sensible,JJ,positive,median
sharp,JJ,positive,median
shrewd,JJ,positive,median
skilled,JJ,positive,median
skillful,JJ,positive,median
successful,JJ,positive,median
successful,RB,positive,median
together,JJ,positive,median
trained,JJ,positive,median
vigorous,JJ,positive,median
wise,JJ,positive,median
witty,JJ,positive,median
smart,JJ,positive,median
talented,JJ,positive,median
professional,JJ,positive,median
sophisticated,JJ,positive,median
ambitious,JJ,positive,median
masterful,JJ,positive,high
intellectual,JJ,positive,median
imaginative,JJ,positive,median
backward,JJ,negative,median
boring,JJ,negative,median
brainless,JJ,negative,median
callow,JJ,negative,median
childish,JJ,negative,median
crazed,JJ,negative,median
crazy,JJ,negative,median
crippled,JJ,negative,median
daft,JJ,negative,high
demented,JJ,negative,median
dense,JJ,negative,high
deranged,JJ,negative,median
dim,JJ,negative,median
doltish,JJ,negative,median
dreary,JJ,negative,median
dull,JJ,negative,median
dumb,JJ,negative,median
feeble,JJ,negative,median
flaky,JJ,negative,median
foolish,JJ,negative,median
grave,JJ,negative,median
helpless,JJ,negative,median
ignorant,JJ,negative,median
illiterate,JJ,negative,median
imbecilic,JJ,negative,high
immature,JJ,negative,median
impotent,JJ,negative,median
incapable,JJ,negative,median
incompetent,JJ,negative,median
inexperienced,JJ,negative,median
inexpert,JJ,negative,median
infantile,JJ,negative,median
infirm,JJ,negative,median
insane,JJ,negative,median
lunatic,JJ,negative,median
mild,JJ,negative,median
moronic,JJ,negative,high
naive,JJ,negative,median
neurotic,JJ,negative,median
numskulled,JJ,negative,high
obtuse,JJ,negative,median
puerile,JJ,negative,median
sick,JJ,negative,high
simple,JJ,negative,median
slack,JJ,negative,median
slow,JJ,negative,median
slow,RB,negative,median
sluggish,JJ,negative,median
stupid,JJ,negative,median
stupider,JJR,negative,high
thick,JJ,negative,median
thickheaded,JJ,negative,median
unaccomplished,JJ,negative,median
unbalanced,JJ,negative,median
uncultured,JJ,negative,median
uneducated,JJ,negative,median
unenlightened,JJ,negative,median
unfit,JJ,negative,median
unhealthy,JJ,negative,median
unhinged,JJ,negative,median
uninstructed,JJ,negative,median
unintelligent,JJ,negative,median
unlearned,JJ,negative,median
unlettered,JJ,negative,high
unproductive,JJ,negative,median
unprotected,JJ,negative,median
unqualified,JJ,negative,median
unschooled,JJ,negative,median
unskilled,JJ,negative,median
unsophisticated,JJ,negative,median
unsound,JJ,negative,median
unsuccessful,JJ,negative,median
untaught,JJ,negative,median
untrained,JJ,negative,median
untutored,JJ,negative,median
whimpy,JJ,negative,median
witless,JJ,negative,median
idiotic,JJ,negative,high
mindless,JJ,negative,median
clumsy,JJ,negative,median
saner,JJR,positive,high
sharper,JJR,positive,high
wiser,JJR,positive,high
duller,JJR,negative,high
milder,JJR,negative,high
mildest,JJS,negative,max
sicker,JJR,negative,high
simpler,JJR,negative,high
slower,JJR,negative,high
thicker,JJR,negative,high
sharpest,JJS,positive,max
wisest,JJS,positive,max
densest,JJS,negative,max
dullest,JJS,negative,max
simplest,JJS,negative,max
slowest,JJS,negative,max
stupidest,JJS,negative,max
thickest,JJS,negative,max
cleverly,RB,positive,median
competently,RB,positive,median
expertly,RB,positive,high
fitfully,RB,positive,median
fittingly,RB,positive,median
imaginatively,RB,positive,median
intellectually,RB,positive,median
intelligently,RB,positive,median
knowingly,RB,positive,high
masterfully,RB,positive,high
powerfully,RB,positive,median
professionally,RB,positive,median
sagaciously,RB,positive,high
sanely,RB,positive,median
sensibly,RB,positive,median
sharply,RB,positive,median
shrewdly,RB,positive,median
skillfully,RB,positive,median
smartly,RB,positive,median
sophisticatedly,RB,positive,median
soundly,RB,positive,median
successfully,RB,positive,median
vigorously,RB,positive,median
wisely,RB,positive,median
backwardly,RB,negative,median
childishly,RB,negative,median
densely,RB,negative,high
dimly,RB,negative,median
dully,RB,negative,median
foolishly,RB,negative,median
helplessly,RB,negative,median
insanely,RB,,increase
moronically,RB,negative,high
naively,RB,negative,median
sickly,RB,negative,median
sickeningly,RB,negative,high
slackly,RB,negative,median
slowly,RB,negative,median
sluggishly,RB,negative,median
stupidly,RB,negative,median
unsuccessfully,RB,negative,median
altruistic,JJ,positive,median
beneficial,JJ,positive,median
benevolent,JJ,positive,median
blameless,JJ,positive,max
caring,JJ,positive,median
charitable,JJ,positive,median
chaste,JJ,positive,median
courteous,JJ,positive,median
decent,JJ,positive,low
dutiful,JJ,positive,median
ethical,JJ,positive,median
fair,JJ,positive,median
friendly,JJ,positive,median
generous,JJ,positive,median
good,JJ,positive,median
gracious,JJ,positive,high
helpful,JJ,positive,median
humane,JJ,positive,low
humanitarian,JJ,positive,median
humble,JJ,positive,median
kind,JJ,positive,median
kindly,JJ,positive,median
kindly,RB,positive,median
magnanimous,JJ,positive,high
meek,JJ,positive,median
modest,JJ,positive,median
moral,JJ,positive,median
noble,JJ,positive,high
nobler,JJR,positive,very high
obliging,JJ,positive,median
philanthropic,JJ,positive,median
polite,JJ,positive,median
praiseworthy,JJ,positive,high
principled,JJ,positive,median
proper,JJ,positive,median
respectable,JJ,positive,median
respectful,JJ,positive,median
reverent,JJ,positive,median
right,JJ,positive,median
righteous,JJ,positive,high
sensitive,JJ,positive,median
sympathetic,JJ,positive,median
thoughtful,JJ,positive,median
tolerant,JJ,positive,median
unassuming,JJ,positive,median
unostentatious,JJ,positive,median
unpretentious,JJ,positive,median
upstanding,JJ,positive,median
virtuous,JJ,positive,high
worthy,JJ,positive,median
arrogant,JJ,negative,median
atrocious,JJ,negative,high
avaricious,JJ,negative,median
bad,JJ,negative,median
barbarous,JJ,negative,median
base,JJ,negative,median
beggarly,JJ,negative,median
brutal,JJ,negative,high
callous,JJ,negative,median
conceited,JJ,negative,median
corrupt,JJ,negative,median
covetous,JJ,negative,median
crooked,JJ,negative,median
crude,JJ,negative,median
cruel,JJ,negative,high
degenerate,JJ,negative,median
depraved,JJ,negative,high
dirty,JJ,negative,median
discourteous,JJ,negative,median
dishonorable,JJ,negative,median
egoistic,JJ,negative,median
egotistic,JJ,negative,median
evil,JJ,negative,high
foul,JJ,negative,median
grabby,JJ,negative,median
grasping,JJ,negative,median
greedy,JJ,negative,median
harsh,JJ,negative,median
hateful,JJ,negative,median
haughty,JJ,negative,median
immoral,JJ,negative,median
impertinent,JJ,negative,median
impolite,JJ,negative,median
indecent,JJ,negative,high
inequitable,JJ,negative,median
iniquitous,JJ,negative,median
insensitive,JJ,negative,median
insolent,JJ,negative,median
irreverent,JJ,negative,median
low,JJ,negative,median
malevolent,JJ,negative,median
mean,JJ,negative,median
meaner,JJR,negative,high
mercenary,JJ,negative,median
miserly,JJ,negative,median
nefarious,JJ,negative,high
obscene,JJ,negative,median
parsimonious,JJ,negative,median
partial,JJ,negative,median
petty,JJ,negative,median
reprobate,JJ,negative,median
rotten,JJ,negative,high
rough,JJ,negative,median
rude,JJ,negative,median
savage,JJ,negative,median
selfish,JJ,negative,median
sinful,JJ,negative,median
snobby,JJ,negative,median
unchaste,JJ,negative,median
uncivil,JJ,negative,median
uncivilized,JJ,negative,median
unclean,JJ,negative,median
uncouth,JJ,negative,median
unethical,JJ,negative,median
unfair,JJ,negative,median
unfeeling,JJ,negative,median
ungracious,JJ,negative,median
unjust,JJ,negative,median
unkind,JJ,negative,median
unmannerly,JJ,negative,median
unpleasant,JJ,negative,median
unpolished,JJ,negative,median
unprincipled,JJ,negative,median
unrefined,JJ,negative,median
unrighteous,JJ,negative,median
unscrupulous,JJ,negative,median
vain,JJ,negative,median
vicious,JJ,negative,median
vile,JJ,negative,high
villainous,JJ,negative,median
vulgar,JJ,negative,high
wicked,JJ,negative,median
wrongful,JJ,negative,median
kinder,JJR,positive,high
baser,JJR,negative,high
harsher,JJR,negative,high
lower,JJR,negative,high
rougher,JJR,negative,high
roughest,JJS,negative,max
kindest,JJS,positive,max
noblest,JJS,positive,max
lowest,JJS,negative,max
meanest,JJS,negative,max
courteously,RB,positive,median
decently,RB,positive,low
dutifully,RB,positive,median
generously,RB,positive,median
graciously,RB,positive,high
helpfully,RB,positive,median
justifiably,RB,positive,median
most,RB,,maximize
modestly,RB,positive,median
morally,RB,positive,median
obligingly,RB,positive,median
politely,RB,positive,median
properly,RB,positive,median
respectably,RB,positive,median
respectfully,RB,positive,median
reverentially,RB,positive,median
righteously,RB,positive,high
rightfully,RB,positive,median
rightly,RB,positive,median
sensitively,RB,positive,median
sympathetically,RB,positive,median
thoughtfully,RB,positive,median
worthily,RB,positive,median
arrogantly,RB,negative,median
atrociously,RB,negative,high
badly,RB,negative,median
brutally,RB,negative,high
crudely,RB,negative,median
cruelly,RB,negative,high
evilly,RB,negative,high
foully,RB,negative,median
harshly,RB,negative,median
lowly,RB,negative,median
lowly,JJ,negative,median
reprobately,RB,negative,median
roughly,RB,negative,median
rudely,RB,negative,median
savagely,RB,negative,median
selfishly,RB,negative,median
sinfully,RB,negative,median
snobbily,RB,negative,median
unfairly,RB,negative,median
unpleasantly,RB,negative,median
vainly,RB,negative,median
wickedly,RB,negative,median
wrongfully,RB,negative,median
believable,JJ,positive,median
candid,JJ,positive,median
credible,JJ,positive,median
direct,JJ,positive,median
discrete,JJ,positive,median
equitable,JJ,positive,median
forthright,JJ,positive,median
frank,JJ,positive,median
guileless,JJ,positive,median
ingenuous,JJ,positive,median
open,JJ,positive,median
plain,JJ,positive,median
plainer,JJR,positive,high
plainspoken,JJ,positive,median
sincere,JJ,positive,median
straight,JJ,positive,median
tactful,JJ,positive,median
truthful,JJ,positive,median
unbiased,JJ,positive,median
beguiling,JJ,negative,median
blabbermouth,JJ,negative,median
blunt,JJ,negative,median
crafty,JJ,negative,high
cunning,JJ,negative,high
deceitful,JJ,negative,high
deceiving,JJ,negative,median
deceptive,JJ,negative,median
delusive,JJ,negative,median
delusory,JJ,negative,median
devious,JJ,positive,high
dishonest,JJ,negative,median
duplicitous,JJ,negative,median
fallacious,JJ,negative,median
fishy,JJ,negative,median
foxy,JJ,negative,median
fraudulent,JJ,negative,median
guileful,JJ,negative,median
insidious,JJ,negative,high
knavish,JJ,negative,median
lying,JJ,negative,median
manipulative,JJ,negative,median
mendacious,JJ,negative,median
misleading,JJ,negative,median
oblique,JJ,negative,median
roguish,JJ,negative,median
roundabout,JJ,negative,median
scheming,JJ,negative,high
shady,JJ,negative,median
shifty,JJ,negative,median
slick,JJ,negative,median
slippery,JJ,negative,median
sly,JJ,negative,median
sneaky,JJ,negative,median
tricky,JJ,negative,median
underhanded,JJ,negative,high
unhonest,JJ,negative,median
untruthful,JJ,negative,median
wily,JJ,negative,median
franker,JJR,positive,high
plainest,JJS,positive,max
sincerest,JJS,positive,max
candidly,RB,positive,median
directly,RB,positive,median
frankly,RB,positive,median
openly,RB,positive,median
plainly,RB,positive,median
sincerely,RB,positive,median
straightly,RB,positive,median
straightforwardly,RB,positive,median
truthfully,RB,positive,median
bluntly,RB,negative,median
cunningly,RB,negative,high
deceptively,RB,negative,median
insidiously,RB,negative,high
schemingly,RB,negative,high
shadily,RB,negative,median
shiftily,RB,negative,median
slickly,RB,negative,median
slyly,RB,negative,median
sneakily,RB,negative,median
trickily,RB,negative,median
cheerful,JJ,positive,median
comfortable,JJ,positive,median
impressed,JJ,positive,median
happy,JJ,positive,median
confident,JJ,positive,median
assured,JJ,positive,median
trusting,JJ,positive,median
involved,JJ,positive,median
absorbed,JJ,positive,high
engrossed,JJ,positive,high
satisfied,JJ,positive,high
pleased,JJ,positive,median
chuffed,JJ,positive,median
thrilled,JJ,positive,high
buoyant,JJ,positive,median
jubilant,JJ,positive,high
fond,JJ,positive,median
loving,JJ,positive,median
adoring,JJ,positive,high
attentive,JJ,positive,median
busy,JJ,positive,median
industrious,JJ,positive,median
upbeat,JJ,positive,median
intent,JJ,positive,median
secure,JJ,positive,median
sanguine,JJ,positive,median
captivated,JJ,positive,high
warm,JJ,positive,median
rapt,JJ,positive,high
perky,JJ,positive,median
occupied,JJ,positive,median
lively,JJ,positive,median
joyful,JJ,positive,median
exultant,JJ,positive,high
engaged,JJ,positive,median
doting,JJ,positive,median
diligent,JJ,positive,median
chirpy,JJ,positive,high
bouncy,JJ,positive,high
blithe,JJ,positive,median
assiduous,JJ,positive,median
wrapped,JJ,positive,median
triumphant,JJ,positive,median
triumphal,JJ,positive,median
tender,JJ,positive,median
positive,JJ,positive,median
pleasant,JJ,positive,median
peppy,JJ,positive,high
gleeful,JJ,positive,high
glad,JJ,positive,median
fascinated,JJ,positive,median
exulting,JJ,positive,high
contented,JJ,positive,median
affectionate,JJ,positive,median
zealous,JJ,positive,median
overjoyed,JJ,positive,high
merry,JJ,positive,median
enthralled,JJ,positive,high
energetic,JJ,positive,median
elated,JJ,positive,high
effervescent,JJ,positive,high
animated,JJ,positive,median
joyous,JJ,positive,median
jolly,JJ,positive,median
vivacious,JJ,positive,median
delighted,JJ,positive,median
cheery,JJ,positive,median
jocund,JJ,positive,median
mirthful,JJ,positive,median
keen,JJ,positive,median
jovial,JJ,positive,high
lighthearted,JJ,positive,median
enthusiastic,JJ,positive,median
ecstatic,JJ,positive,high
eager,JJ,positive,median
felicitous,JJ,positive,median
euphoric,JJ,positive,median
excited,JJ,positive,median
entranced,JJ,positive,high
sad,JJ,negative,median
anxious,JJ,negative,median
bored,JJ,negative,median
angry,JJ,negative,median
fearful,JJ,negative,median
afraid,JJ,negative,median
melancholy,JJ,negative,median
dejected,JJ,negative,median
joyless,JJ,negative,max
cheerless,JJ,negative,max
unhappy,JJ,negative,median
downcast,JJ,negative,median
depressed,JJ,negative,median
uneasy,JJ,negative,median
startled,JJ,negative,median
surprised,JJ,positive,high
astonished,JJ,negative,median
float,JJ,negative,median
stale,JJ,negative,median
jaded,JJ,negative,median
cross,JJ,negative,median
furious,JJ,negative,high
scared,JJ,negative,median
terrorised,JJ,negative,high
terrorized,JJ,negative,high
restless,JJ,negative,median
fidgety,JJ,negative,high
nervous,JJ,negative,median
dismal,JJ,negative,max
aghast,JJ,negative,very high
down,JJ,negative,median
blue,JJ,negative,high
jumpy,JJ,negative,median
gloomy,JJ,negative,high
frightened,JJ,negative,median
dispirited,JJ,negative,median
apprehensive,JJ,negative,median
unquiet,JJ,negative,median
troubled,JJ,negative,median
raging,JJ,negative,median
mournful,JJ,negative,high
miserable,JJ,negative,median
disconsolate,JJ,negative,very high
woebegone,JJ,negative,median
terrible,JJ,negative,very high
terrible,RB,negative,high
somber,JJ,negative,median
nervy,JJ,negative,median
jittery,JJ,negative,median
glum,JJ,negative,median
fretful,JJ,negative,median
downhearted,JJ,negative,median
doleful,JJ,negative,high
disturbed,JJ,negative,median
distressed,JJ,negative,median
bleak,JJ,negative,median
terrified,JJ,negative,high
sorrowful,JJ,negative,median
oppressive,JJ,negative,median
grim,JJ,negative,median
forlorn,JJ,negative,high
depressing,JJ,negative,median
wrathful,JJ,negative,median
worried,JJ,negative,median
uptight,JJ,negative,median
perturbed,JJ,negative,low
morose,JJ,negative,median
agitated,JJ,negative,median
sullen,JJ,negative,median
spooked,JJ,negative,median
moody,JJ,negative,median
irritable,JJ,negative,median
ireful,JJ,negative,median
irate,JJ,negative,median
irascible,JJ,negative,median
infuriated,JJ,negative,median
indignant,JJ,negative,median
disheartened,JJ,negative,high
discouraged,JJ,negative,median
awful,JJ,negative,high
unsettled,JJ,negative,median
tense,JJ,negative,median
panicky,JJ,negative,median
intimidated,JJ,negative,median
heartsick,JJ,negative,median
fuming,JJ,negative,median
dismayed,JJ,negative,median
crestfallen,JJ,negative,median
dreadful,JJ,negative,median
desolate,JJ,negative,median
surly,JJ,negative,median
sulky,JJ,negative,median
spiritless,JJ,negative,median
peevish,JJ,negative,median
hopeless,JJ,negative,high
despairing,JJ,negative,high
pessimistic,JJ,negative,median
pathetic,JJ,negative,median
heartbroken,JJ,negative,median
desperate,JJ,negative,median
cantankerous,JJ,negative,median
mirthless,JJ,negative,median
grumpy,JJ,negative,median
mopey,JJ,negative,median
happier,JJR,positive,high
livelier,JJR,positive,high
warmer,JJR,positive,high
fonder,JJR,positive,high
fondest,JJS,positive,max
affectionately,RB,positive,median
assuredly,RB,positive,median
attentively,RB,positive,median
cheerfully,RB,positive,median
cheerily,RB,positive,median
confidently,RB,positive,median
contentedly,RB,positive,median
eagerly,RB,positive,median
energetically,RB,positive,median
enthusiastically,RB,positive,median
fondly,RB,positive,median
gladly,RB,positive,median
gleefully,RB,positive,high
happily,RB,positive,median
keenly,RB,positive,median
pleasantly,RB,positive,median
sanguinely,RB,positive,median
satisfiedly,RB,positive,median
securely,RB,positive,median
tenderly,RB,positive,median
togetherly,RB,positive,median
anxiously,RB,negative,median
awfully,RB,negative,high
depressingly,RB,negative,median
dismally,RB,negative,median
dismayedly,RB,negative,median
downly,RB,negative,median
downcastly,RB,negative,median
downheartedly,RB,negative,median
fearfully,RB,negative,median
furiously,RB,negative,high
grimly,RB,negative,median
hopelessly,RB,negative,median
morosely,RB,negative,median
nervously,RB,negative,median
restlessly,RB,negative,median
sadly,RB,negative,median
somberly,RB,negative,median
sorrowfully,RB,negative,median
spiritlessly,RB,negative,median
spookily,RB,negative,median
stalely,RB,negative,median
startledly,RB,negative,median
sulkily,RB,negative,median
sullenly,RB,negative,median
surlily,RB,negative,median
surprisedly,RB,positive,high
clean,JJ,positive,median
clear,JJ,positive,median
clear,RB,positive,median
detailed,JJ,positive,median
detailed,RB,positive,median
elaborate,JJ,positive,median
elegant,JJ,positive,median
intricate,JJ,positive,median
lucid,JJ,positive,median
precise,JJ,positive,median
refined,JJ,positive,median
refined,RB,positive,median
rich,JJ,positive,median
uncomplicated,JJ,positive,median
classic,JJ,positive,median
easy,JJ,positive,median
easier,JJR,positive,high
arcane,JJ,negative,median
byzantine,JJ,negative,high
convoluted,JJ,negative,high
excessive,JJ,negative,median
extravagant,JJ,negative,median
fancy,JJ,negative,median
monolithic,JJ,negative,median
ornate,JJ,positive,median
overelaborate,JJ,negative,median
oversimplified,JJ,negative,median
simplistic,JJ,negative,median
unclear,JJ,negative,median
woolly,JJ,negative,median
confusing,JJ,negative,median
unnecessary,JJ,negative,median
complex,JJ,negative,median
cleaner,JJR,positive,high
cleanest,JJS,positive,max
clearer,JJR,positive,high
richer,JJR,positive,high
purest,JJS,positive,max
richest,JJS,positive,max
easiest,JJS,positive,max
classically,RB,positive,median
cleanly,RB,positive,median
easily,RB,positive,median
elaborately,RB,positive,median
elegantly,RB,positive,median
intricately,RB,positive,median
precisely,RB,positive,median
richly,RB,positive,median
complexly,RB,negative,median
simplistically,RB,negative,median
coherent,JJ,positive,median
considered,JJ,positive,median
consistent,JJ,positive,median
consonant,JJ,positive,median
curvaceous,JJ,positive,median
harmonious,JJ,positive,median
logical,JJ,positive,median
proportional,JJ,positive,median
proportioned,JJ,positive,median
shapely,JJ,positive,median
symmetrical,JJ,positive,median
unified,JJ,positive,median
willowy,JJ,positive,median
proportionate,JJ,positive,median
symmetric,JJ,positive,median
perfect,JJ,positive,max
flawless,JJ,positive,max
neat,JJ,positive,median
aberrant,JJ,negative,median
amorphous,JJ,negative,median
asymmetric,JJ,negative,median
asymmetrical,JJ,negative,median
contradictory,JJ,negative,median
discordant,JJ,negative,high
disorganised,JJ,negative,median
disproportionate,JJ,negative,median
distorted,JJ,negative,high
flawed,JJ,negative,median
formless,JJ,negative,median
misshapen,JJ,negative,median
nonsymmetrical,JJ,negative,median
shapeless,JJ,negative,median
unequal,JJ,negative,median
uneven,JJ,negative,median
ungraceful,JJ,negative,median
unharmonious,JJ,negative,median
unnatural,JJ,negative,median
unsymmetrical,JJ,negative,median
inharmonious,JJ,negative,median
inconsonant,JJ,negative,median
incongruous,JJ,negative,median
imbalanced,JJ,negative,median
dissonant,JJ,negative,high
incongruent,JJ,negative,median
unmusical,JJ,negative,median
awkward,JJ,negative,median
sloppy,JJ,negative,median
consistently,RB,positive,median
evenly,RB,positive,median
logically,RB,positive,median
musically,RB,positive,median
neatly,RB,positive,median
proportionately,RB,positive,median
symmetrically,RB,positive,median
awkwardly,RB,negative,median
shapelessly,RB,negative,median
sloppily,RB,negative,median
admirable,JJ,positive,median
allright,JJ,positive,median
attractive,JJ,positive,median
beauteous,JJ,positive,median
beautiful,JJ,positive,median
bewitching,JJ,positive,high
brilliant,JJ,positive,high
captivating,JJ,positive,high
charming,JJ,positive,median
comely,JJ,positive,median
congenial,JJ,positive,median
delightful,JJ,positive,median
dishy,JJ,positive,median
enchanting,JJ,positive,high
excellent,JJ,positive,high
excellent,RB,positive,high
exceptional,JJ,positive,very high
exquisite,JJ,positive,high
favorable,JJ,positive,median
fine,JJ,positive,median
glorious,JJ,positive,high
gorgeous,JJ,positive,median
grand,JJ,positive,median
gratifying,JJ,positive,median
handsome,JJ,positive,median
lovely,JJ,positive,median
lovely,RB,positive,median
magnificent,JJ,positive,high
marvelous,JJ,positive,median
nice,JJ,positive,median
ok,JJ,positive,median
okay,JJ,positive,median
pleasing,JJ,positive,median
pleasing,RB,positive,median
pleasing,JJ,positive,median
radiant,JJ,positive,median
ravishing,JJ,positive,high
resplendent,JJ,positive,high
splendid,JJ,positive,median
splendiferous,JJ,positive,high
sterling,JJ,positive,median
stunning,JJ,positive,median
superb,JJ,positive,high
welcome,JJ,positive,median
wonderful,JJ,positive,median
tasty,JJ,positive,median
subtle,JJ,positive,median
rare,JJ,positive,median
fresh,JJ,positive,median
fun,JJ,positive,median
abhorrent,JJ,negative,median
abominable,JJ,negative,median
beastly,JJ,negative,median
despicable,JJ,negative,median
disagreeable,JJ,negative,median
disgusting,JJ,negative,median
distasteful,JJ,negative,median
filthy,JJ,negative,median
forbidding,JJ,negative,median
frightful,JJ,negative,median
grody,JJ,negative,median
gross,JJ,negative,median
grotesque,JJ,negative,high
hideous,JJ,negative,high
homely,JJ,negative,median
horrible,JJ,negative,high
horrid,JJ,negative,high
loathsome,JJ,negative,high
monstrous,JJ,negative,median
nasty,JJ,negative,median
nastier,JJR,negative,high
noisome,JJ,negative,median
obnoxious,JJ,negative,median
repellent,JJ,negative,median
repugnant,JJ,negative,high
repulsive,JJ,negative,median
revolting,JJ,negative,high
sickening,JJ,negative,high
sleazy,JJ,negative,median
ugly,JJ,negative,median
uncomely,JJ,negative,median
undecorated,JJ,negative,median
unlovely,JJ,negative,median
unseemly,JJ,negative,median
unsightly,JJ,negative,median
wrong,JJ,negative,median
yucky,JJ,negative,median
yuk,JJ,negative,median
finer,JJR,positive,high
grander,JJR,positive,high
nicer,JJR,positive,high
finest,JJS,positive,max
nicest,JJS,positive,max
nastiest,JJS,negative,max
attractively,RB,positive,median
beautifully,RB,,increase
brilliantly,RB,positive,high
charmingly,RB,positive,median
delightfully,RB,positive,median
excellently,RB,positive,high
exquisitely,RB,positive,high
finely,RB,positive,median
freshly,RB,positive,median
gloriously,RB,positive,high
goodly,RB,positive,median
gorgeously,RB,positive,median
grandiosely,RB,positive,high
handsomely,RB,positive,median
magnificently,RB,positive,high
marvelously,RB,positive,median
nicely,RB,positive,median
pleasingly,RB,positive,median
prettily,RB,positive,median
resplendently,RB,positive,high
splendidly,RB,positive,median
splendiferously,RB,positive,high
sterlingly,RB,positive,median
stunningly,RB,positive,median
subtlely,RB,positive,median
superbly,RB,positive,high
wonderfully,RB,positive,median
frightfully,RB,negative,median
grossly,RB,negative,median
grotesquely,RB,negative,high
hideously,RB,negative,median
horribly,RB,,increase
nastily,RB,negative,median
repellently,RB,negative,median
repugnantly,RB,negative,high
repulsively,RB,negative,median
revoltingly,RB,negative,high
sleazily,RB,negative,median
wrongly,RB,negative,median
absorbing,JJ,positive,median
alluring,JJ,positive,high
amazing,JJ,positive,median
appealing,JJ,positive,median
arousing,JJ,positive,median
arresting,JJ,positive,median
arrestive,JJ,positive,median
breathtaking,JJ,positive,high
compelling,JJ,positive,median
dramatic,JJ,positive,high
dramatic,RB,positive,median
electrifying,JJ,positive,very high
engaging,JJ,positive,median
engrossing,JJ,positive,high
enthralling,JJ,positive,high
entrancing,JJ,positive,high
exciting,JJ,positive,median
fascinating,JJ,positive,median
gripping,JJ,positive,median
impressive,JJ,positive,median
incredible,JJ,positive,median
inspiring,JJ,positive,median
intense,JJ,positive,median
interesting,JJ,positive,median
intoxicating,JJ,positive,high
intriguing,JJ,positive,high
moving,JJ,positive,median
noteworthy,JJ,positive,median
noteworthy,RB,positive,median
provocative,JJ,positive,high
provoking,JJ,positive,median
remarkable,JJ,positive,median
riveting,JJ,positive,very high
rousing,JJ,positive,median
sensational,JJ,positive,high
spectacular,JJ,positive,high
staggering,JJ,positive,high
startling,JJ,positive,median
stimulating,JJ,positive,median
stirring,JJ,positive,median
striking,JJ,positive,median
surprising,JJ,positive,median
thrilling,JJ,positive,high
titillating,JJ,positive,very high
vivid,JJ,positive,high
stimulative,JJ,positive,median
special,JJ,positive,median
funny,JJ,positive,median
funnier,JJR,positive,high
comic,JJ,positive,median
hilarious,JJ,positive,high
amusing,JJ,positive,median
cute,JJ,positive,median
cuter,JJR,positive,high
sexy,JJ,positive,median
terrific,JJ,positive,median
fantastic,JJ,positive,median
satisfying,JJ,positive,median
outstanding,JJ,positive,median
refreshing,JJ,positive,median
stylish,JJ,positive,median
emotional,JJ,positive,median
catchy,JJ,positive,median
poetic,JJ,positive,median
dynamic,JJ,positive,median
solid,JJ,positive,median
convincing,JJ,positive,median
unexpected,JJ,positive,median
haunting,JJ,positive,median
colorful,JJ,positive,median
colourful,JJ,positive,median
artistic,JJ,positive,median
super,JJ,positive,median
poignant,JJ,positive,median
explosive,JJ,positive,median
endearing,JJ,positive,median
astonishing,JJ,positive,median
hysterical,JJ,positive,median
ascetic,JJ,negative,median
blah,JJ,negative,median
dry,JJ,negative,median
flat,JJ,negative,median
hohum,JJ,negative,median
humdrum,JJ,negative,median
insipid,JJ,negative,median
irksome,JJ,negative,median
lifeless,JJ,negative,median
monotonous,JJ,negative,high
pedestrian,JJ,negative,median
prosaic,JJ,negative,median
routine,JJ,negative,median
soporific,JJ,negative,median
tedious,JJ,negative,median
tedious,RB,negative,median
tiresome,JJ,negative,median
tiring,JJ,negative,median
unexciting,JJ,negative,median
unimaginative,JJ,negative,median
uninspiring,JJ,negative,median
uninteresting,JJ,negative,median
uninviting,JJ,negative,median
unremarkable,JJ,negative,median
vapid,JJ,negative,high
wearisome,JJ,negative,median
poor,JJ,negative,median
annoying,JJ,negative,high
ridiculous,JJ,negative,high
bland,JJ,negative,median
offensive,JJ,negative,median
creepy,JJ,negative,high
irritating,JJ,negative,high
disappointing,JJ,negative,median
lame,JJ,negative,median
unfunny,JJ,negative,median
pretentious,JJ,negative,median
formulaic,JJ,negative,median
corny,JJ,negative,high
inept,JJ,negative,median
silly,JJ,negative,median
insulting,JJ,negative,high
incomprehensible,JJ,negative,median
funniest,JJS,positive,max
cutest,JJS,positive,max
silliest,JJS,negative,max
corniest,JJS,negative,max
amusingly,RB,positive,median
artistically,RB,positive,median
breathtakingly,RB,positive,high
comically,RB,positive,median
convincingly,RB,positive,median
dramatically,RB,positive,median
emotionally,RB,positive,median
engagingly,RB,positive,median
fantastically,RB,positive,median
funnily,RB,positive,median
hilariously,RB,positive,high
impressively,RB,positive,median
interestingly,RB,positive,median
intriguingly,RB,positive,high
refreshingly,RB,positive,median
satisfyingly,RB,positive,median
sensationally,RB,positive,high
sexily,RB,positive,median
solidly,RB,positive,median
spectacularly,RB,positive,high
startlingly,RB,positive,median
stimulatingly,RB,positive,median
stimulatively,RB,positive,median
stirringly,RB,positive,median
stylishly,RB,positive,median
unexpectedly,RB,positive,median
vividly,RB,positive,high
annoyingly,RB,negative,high
blandly,RB,negative,median
creepily,RB,negative,high
flatly,RB,negative,median
ineptly,RB,negative,median
poorly,RB,negative,median
ridiculously,RB,negative,high
routinely,RB,negative,median
sillily,RB,negative,median
soporifically,RB,negative,median
tediously,RB,negative,median
appropriate,JJ,positive,median
authentic,JJ,positive,median
bonafide,JJ,positive,median
creative,JJ,positive,median
deep,JJ,positive,median
effective,JJ,positive,median
important,JJ,positive,median
incisive,JJ,positive,high
indubitable,JJ,positive,high
inestimable,JJ,positive,high
ingenious,JJ,positive,high
inimitable,JJ,positive,median
innovational,JJ,positive,median
innovative,JJ,positive,high
invaluable,JJ,positive,high
inventive,JJ,positive,median
landmark,JJ,positive,high
longawaited,JJ,positive,median
matchless,JJ,positive,median
original,JJ,positive,median
originative,JJ,positive,median
penetrating,JJ,positive,median
phenomenal,JJ,positive,very high
priceless,JJ,positive,very high
prized,JJ,positive,median
profound,JJ,positive,median
real,JJ,positive,median
singular,JJ,positive,median
timely,JJ,positive,median
unequalled,JJ,positive,median
unique,JJ,positive,median
unparalleled,JJ,positive,high
unprecedented,JJ,positive,high
useful,JJ,positive,median
valid,JJ,positive,median
valuable,JJ,positive,median
valued,JJ,positive,median
veritable,JJ,positive,median
worthwhile,JJ,positive,median
quick,JJ,positive,median
superior,JJ,positive,very high
promising,JJ,positive,median
significant,JJ,positive,median
extraordinary,JJ,positive,very high
awesome,JJ,positive,high
tremendous,JJ,positive,high
idea,JJ,positive,median
gentle,JJ,positive,median
bogus,JJ,negative,median
coarse,JJ,negative,median
common,JJ,negative,median
commonplace,JJ,negative,median
conventional,JJ,negative,median
derivative,JJ,negative,median
everyday,JJ,negative,median
fake,JJ,negative,median
flimsy,JJ,negative,median
glitzy,JJ,negative,median
hackneyed,JJ,negative,median
ineffective,JJ,negative,median
ineffectual,JJ,negative,median
inferior,JJ,negative,median
insignificant,JJ,negative,median
meaningless,JJ,negative,median
mundane,JJ,negative,median
nondescript,JJ,negative,median
overdue,JJ,negative,median
paltry,JJ,negative,median
phoney,JJ,negative,high
phony,JJ,negative,high
pointless,JJ,negative,median
pricey,JJ,negative,median
reductive,JJ,negative,median
shallow,JJ,negative,high
sham,JJ,negative,high
shoddy,JJ,negative,high
stereotyped,JJ,negative,median
superficial,JJ,negative,median
trashy,JJ,negative,high
trifling,JJ,negative,median
trite,JJ,negative,median
trivial,JJ,negative,median
undistinguished,JJ,negative,median
unexceptional,JJ,negative,median
unimportant,JJ,negative,median
untimely,JJ,negative,median
unusable,JJ,negative,median
useless,JJ,negative,high
valueless,JJ,negative,high
worthless,JJ,negative,high
cheap,JJ,positive,median
average,JJ,negative,median
sorry,JJ,negative,median
mediocre,JJ,negative,median
gratuitous,JJ,negative,median
repetitive,JJ,negative,median
flashy,JJ,negative,median
absurd,JJ,negative,high
sappy,JJ,negative,median
deeper,JJR,positive,high
commoner,JJR,negative,high
shallower,JJR,negative,very high
deepest,JJS,positive,max
quickest,JJS,positive,max
sorriest,JJS,negative,max
appropriately,RB,positive,median
creatively,RB,positive,median
deeply,RB,positive,median
effectively,RB,positive,median
ideally,RB,positive,median
importantly,RB,positive,median
ingeniously,RB,positive,high
inventively,RB,positive,median
originally,RB,positive,median
pricelessly,RB,positive,high
realistically,RB,positive,median
singularly,RB,positive,median
uniquely,RB,positive,median
usefully,RB,positive,median
absurdly,RB,negative,high
cheaply,RB,positive,median
coarsely,RB,negative,median
commonly,RB,negative,median
conventionally,RB,negative,median
flimsily,RB,negative,median
gratuitously,RB,negative,median
insignificantly,RB,negative,median
reductively,RB,negative,median
repetitively,RB,negative,median
sappily,RB,negative,median
shallowly,RB,negative,high
shoddily,RB,negative,high
sorrily,RB,negative,median
superficially,RB,negative,median
uselessly,RB,negative,high
true-blue,JJ,positive,median
fly-by-night,JJ,negative,median
self-willed,JJ,negative,median
well-known,JJ,positive,median
also-ran,JJ,negative,median
has-been,JJ,negative,median
ill-fated,JJ,negative,median
ill-starred,JJ,negative,median
star-crossed,JJ,negative,median
unheard-of,JJ,negative,median
dim-witted,JJ,negative,high
empty-headed,JJ,negative,high
half-baked,JJ,negative,median
half-witted,JJ,negative,median
know-nothing,JJ,negative,high
simple-minded,JJ,negative,median
law-abiding,JJ,positive,median
self-righteous,JJ,negative,high
self-effacing,JJ,positive,high
well-mannered,JJ,positive,median
ill-mannered,JJ,negative,median
double-dealing,JJ,negative,high
two-faced,JJ,negative,high
self-assured,JJ,positive,median
well-off,JJ,positive,median
self-confident,JJ,positive,median
low-spirited,JJ,negative,median
ill-tempered,JJ,negative,median
heavy-hearted,JJ,negative,median
high-strung,JJ,negative,median
self-assuredly,RB,positive,median
self-confidently,RB,positive,median
well-formed,JJ,positive,median
well-proportioned,JJ,positive,median
first-class,JJ,positive,median
first-rate,JJ,positive,median
good-looking,JJ,positive,median
god-awful,JJ,negative,high
off-putting,JJ,negative,median
hair-raising,JJ,positive,median
mind-blowing,JJ,positive,median
ho-hum,JJ,negative,median
dime-a-dozen,JJ,negative,median
good-for-nothing,JJ,negative,very high
run-of-the-mill,JJ,negative,median
second-rate,JJ,negative,very high
write-off,JJ,negative,median
dumbest,JJ,negative,max
best,JJ,positive,max
better,JJ,positive,high
high,JJ,,increase
big,JJ,positive,median
hard,JJ,negative,median
less,JJ,,decrease
basic,JJ,positive,median
huge,JJ,,increase
handy,JJ,positive,median
compatible,JJ,positive,median
accurate,JJ,positive,median
favorite,JJ,positive,max
adequate,JJ,positive,low
durable,JJ,positive,median
bulky,JJ,negative,median
acceptable,JJ,positive,low
intuitive,JJ,positive,median
hot,JJ,positive,median
ideal,JJ,positive,max
absolute,JJ,,increase
noticeable,JJ,positive,low
extensive,JJ,positive,median
frustrating,JJ,negative,median
extreme,JJ,positive,median
minimal,JJ,,decrease
defective,JJ,negative,median
brief,JJ,positive,median
efficient,JJ,positive,median
needless,JJ,negative,median
enjoyable,JJ,positive,median
loose,JJ,negative,median
critical,JJ,positive,median
fabulous,JJ,positive,high
functional,JJ,positive,low
cumbersome,JJ,negative,median
memorable,JJ,positive,median
central,JJ,positive,median
disturbing,JJ,negative,median
essential,JJ,positive,high
frustrated,JJ,negative,median
cinematic,JJ,positive,median
mad,JJ,negative,median
optimal,JJ,positive,median
lousy,JJ,negative,median
fragile,JJ,negative,median
astounding,JJ,positive,high
innocent,JJ,positive,median
competitive,JJ,positive,median
independent,JJ,positive,median
inadequate,JJ,negative,median
inconvenient,JJ,negative,median
comprehensive,JJ,positive,median
crucial,JJ,positive,high
outrageous,JJ,negative,median
lazy,JJ,negative,median
outdated,JJ,negative,median
lengthy,JJ,negative,median
artificial,JJ,negative,median
finicky,JJ,negative,median
deadly,JJ,positive,median
foremost,JJ,positive,median
jealous,JJ,negative,median
delicate,JJ,positive,median
challenging,JJ,positive,median
infamous,JJ,negative,median
contemporary,JJ,positive,median
bold,JJ,positive,median
bitter,JJ,negative,median
fitting,JJ,positive,low
legendary,JJ,positive,max
messy,JJ,negative,median
lonely,JJ,negative,median
ludicrous,JJ,negative,median
notorious,JJ,negative,median
glaring,JJ,,increase
definitive,JJ,positive,max
desirable,JJ,positive,median
foolproof,JJ,positive,median
mighty,JJ,positive,high
exclusive,JJ,positive,median
knowledgeable,JJ,positive,median
jerky,JJ,negative,median
fussy,JJ,negative,median
inane,JJ,negative,median
aggressive,JJ,negative,median
optimum,JJ,positive,max
impractical,JJ,negative,median
cynical,JJ,negative,median
effortless,JJ,positive,median
cryptic,JJ,negative,median
concise,JJ,positive,median
dazzling,JJ,positive,high
exhaustive,JJ,positive,median
inaccurate,JJ,negative,median
dear,JJ,positive,median
exotic,JJ,positive,median
illegal,JJ,negative,median
melodramatic,JJ,negative,median
irrelevant,JJ,negative,median
faint,JJ,negative,median
inconsistent,JJ,negative,median
horrifying,JJ,negative,high
meaningful,JJ,positive,median
damaging,JJ,negative,median
erotic,JJ,positive,median
dissatisfied,JJ,negative,median
incorrect,JJ,negative,median
controversial,JJ,negative,low
lifelike,JJ,positive,median
blatant,JJ,negative,median
dubious,JJ,negative,median
menacing,JJ,negative,median
misguided,JJ,negative,median
distinctive,JJ,positive,median
insufficient,JJ,negative,median
calm,JJ,positive,median
grateful,JJ,positive,median
indispensable,JJ,positive,max
manic,JJ,positive,median
eclectic,JJ,positive,low
awry,JJ,negative,median
bulkier,JJ,negative,median
mystical,JJ,positive,median
commendable,JJ,positive,median
crummy,JJ,negative,median
gruesome,JJ,negative,median
fictional,JJ,negative,median
level,JJ,positive,median
formal,JJ,positive,median
inappropriate,JJ,negative,median
appalling,JJ,negative,median
impeccable,JJ,positive,high
frantic,JJ,negative,median
irresistible,JJ,positive,high
harmless,JJ,positive,low
discriminating,JJ,positive,median
intrusive,JJ,negative,median
offbeat,JJ,positive,low
cranky,JJ,negative,median
banal,JJ,negative,median
legitimate,JJ,positive,low
famed,JJ,positive,median
functioning,JJ,positive,low
edgy,JJ,positive,median
earnest,JJ,positive,median
classical,JJ,positive,median
inoperable,JJ,negative,median
lush,JJ,positive,median
fundamental,JJ,positive,median
adventurous,JJ,positive,median
inviting,JJ,positive,median
careless,JJ,negative,median
murky,JJ,negative,median
icy,JJ,negative,median
expressive,JJ,positive,median
hopeful,JJ,positive,median
illuminating,JJ,positive,median
disconcerting,JJ,negative,median
enigmatic,JJ,positive,median
inexcusable,JJ,negative,high
deserving,JJ,positive,median
glamorous,JJ,positive,median
drastic,JJ,negative,median
appreciable,JJ,positive,low
gory,JJ,negative,median
cocky,JJ,negative,median
juicy,JJ,positive,median
frivolous,JJ,negative,median
delicious,JJ,positive,median
drab,JJ,negative,median
incoherent,JJ,negative,median
elementary,JJ,negative,median
hostile,JJ,negative,median
lavish,JJ,positive,median
decisive,JJ,positive,median
arbitrary,JJ,negative,median
hazy,JJ,negative,median
ghastly,JJ,negative,high
darned,JJ,negative,median
formidable,JJ,positive,median
articulate,JJ,positive,median
limitless,JJ,positive,median
indifferent,JJ,negative,low
lurid,JJ,negative,median
dumber,JJ,negative,high
incessant,JJ,negative,median
incomplete,JJ,negative,median
imperfect,JJ,negative,median
frenzied,JJ,negative,median
fierce,JJ,positive,median
maddening,JJ,negative,median
homicidal,JJ,negative,median
heavenly,JJ,positive,median
interminable,JJ,negative,high
idyllic,JJ,positive,median
gruff,JJ,negative,low
amoral,JJ,negative,median
infectious,JJ,positive,median
incompatible,JJ,negative,median
inspirational,JJ,positive,median
compulsive,JJ,negative,median
distraught,JJ,negative,median
hardy,JJ,positive,median
dizzy,JJ,negative,median
exhilarating,JJ,positive,median
chaotic,JJ,negative,median
borderline,JJ,negative,low
methodical,JJ,positive,median
devilish,JJ,negative,median
discerning,JJ,positive,median
lasting,JJ,positive,median
ferocious,JJ,positive,median
discouraging,JJ,negative,median
excruciating,JJ,negative,high
exuberant,JJ,positive,high
meaty,JJ,positive,median
imprecise,JJ,negative,median
decorative,JJ,positive,low
barren,JJ,negative,median
conspicuous,JJ,negative,median
destructive,JJ,negative,median
influential,JJ,positive,median
feasible,JJ,positive,low
merciless,JJ,negative,high
agile,JJ,positive,median
novel,JJ,positive,median
invincible,JJ,positive,max
infuriating,JJ,negative,high
fruitless,JJ,negative,median
graceful,JJ,positive,median
quality,JJ,positive,median
unbearable,JJ,negative,median
paranoid,JJ,negative,median
tragic,JJ,negative,median
painful,JJ,negative,median
optimistic,JJ,positive,median
beloved,JJ,positive,median
painless,JJ,positive,median
proud,JJ,positive,median
sleek,JJ,positive,median
sturdy,JJ,positive,median
disabled,JJ,negative,median
prime,JJ,positive,median
speedy,JJ,positive,median
high-resolution,JJ,positive,median
strong,JJ,positive,median
vague,JJ,negative,median
tough,JJ,negative,median
technical,JJ,negative,median
usable,JJ,positive,low
streamlined,JJ,positive,median
utilitarian,JJ,positive,median
understandable,JJ,positive,median
readable,JJ,positive,median
useable,JJ,positive,median
straightforward,JJ,positive,median
versatile,JJ,positive,median
obvious,JJ,positive,median
poorer,JJ,negative,high
disastrous,JJ,negative,median
shocking,JJ,negative,median
noisy,JJ,negative,median
immense,JJ,positive,median
unforgettable,JJ,positive,median
revolutionary,JJ,positive,median
magical,JJ,positive,median
wild,JJ,positive,median
unbelievable,JJ,positive,median
vibrant,JJ,positive,median
major,JJ,positive,median
redundant,JJ,negative,median
social,JJ,negative,median
alien,JJ,negative,median
ordinary,JJ,negative,median
mainstream,JJ,positive,median
unconventional,JJ,positive,median
plentiful,JJ,positive,median
wacky,JJ,positive,median
romantic,JJ,positive,median
worse,JJ,negative,high
worst,JJ,negative,max
sadistic,JJ,negative,median
ruthless,JJ,negative,median
sinister,JJ,negative,median
questionable,JJ,negative,median
suspicious,JJ,negative,median
criminal,JJ,negative,median
spoiled,JJ,negative,median
guilty,JJ,negative,median
violent,JJ,negative,median
religious,JJ,positive,median
reputable,JJ,positive,median
model,JJ,positive,median
responsible,JJ,positive,median
legal,JJ,positive,median
correct,JJ,positive,median
shabby,JJ,negative,median
unacceptable,JJ,negative,median
operational,JJ,positive,low
satisfactory,JJ,positive,low
suitable,JJ,positive,low
reasonable,JJ,positive,low
serviceable,JJ,positive,median
top-quality,JJ,positive,median
presentable,JJ,positive,median
well-made,JJ,positive,median
scenic,JJ,positive,median
rugged,JJ,positive,median
well,JJ,positive,median
realistic,JJ,positive,median
unwilling,JJ,negative,median
idle,JJ,negative,median
reluctant,JJ,negative,median
resistant,JJ,negative,median
late,JJ,negative,median
potent,JJ,positive,median
prompt,JJ,positive,median
serious,JJ,positive,median
key,JJ,positive,median
gay,JJ,negative,median
premium,JJ,positive,median
relevant,JJ,positive,median
golden,JJ,positive,median
precious,JJ,positive,median
modern,JJ,positive,median
unfortunate,JJ,negative,median
moderate,JJ,,decrease
slight,JJ,,decrease
minor,JJ,,decrease
ultra,JJ,,increase
severe,JJ,,increase
ultimate,JJ,,maximize
